loc,iso_utc,route,az_kotlin,alt_kotlin,az_oracle_geometric,alt_oracle_geometric,az_oracle_refr_appweather,alt_oracle_refr_appweather
CapeTown,2026-09-04T20:00:00,sun,244.26270034,-43.32635139,244.26350384,-43.32841812,244.26350384,-43.24427125
CapeTown,2026-09-04T20:00:00,moon,86.43477136,-52.02459777,86.42997668,-52.02438412,86.42997668,-51.97232601
CapeTown,2026-09-04T20:00:00,planet_mercury,248.78229556,-36.57291927,248.77917967,-36.57859645,248.77917967,-36.46933130
CapeTown,2026-09-04T20:00:00,planet_venus,253.33645768,0.37777153,253.32825855,-0.12201428,253.32825855,0.05752933
CapeTown,2026-09-04T20:00:00,planet_mars,125.32032805,-72.86548275,125.31638508,-72.87329940,125.31638508,-72.87011486
CapeTown,2026-09-04T20:00:00,planet_jupiter,221.66404693,-68.50434178,221.65698641,-68.51205558,221.65698641,-68.50328075
CapeTown,2026-09-04T20:00:00,planet_saturn,76.74752620,14.04010068,76.75180772,13.96541378,76.75180772,14.02774268
CapeTown,2026-09-04T20:00:00,planet_uranus,88.05353342,-37.19710834,88.04823636,-37.20111702,88.04823636,-37.09410052
CapeTown,2026-09-04T20:00:00,planet_neptune,73.00974655,23.32231900,73.01127279,23.27561305,73.01127279,23.31219888
CapeTown,2026-09-04T20:00:00,moon_geocentric,86.42986233,-51.41691673,86.42997668,-52.02438412,86.42997668,-51.97232601
Honolulu,2026-09-04T20:00:00,sun,105.96470994,50.97646412,105.96359976,50.96146332,105.96359976,50.97433598
Honolulu,2026-09-04T20:00:00,moon,288.69022634,44.99996090,288.69424405,44.98213806,288.69424405,44.99801478
Honolulu,2026-09-04T20:00:00,planet_mercury,103.61268902,43.56188742,103.61450736,43.54774098,103.61450736,43.56443075
Honolulu,2026-09-04T20:00:00,planet_venus,107.70565522,7.14044390,107.71327761,7.01822165,107.71327761,7.13589055
Honolulu,2026-09-04T20:00:00,planet_mars,279.33787371,72.45829060,279.35805607,72.45723152,279.35805607,72.46225376
Honolulu,2026-09-04T20:00:00,planet_jupiter,110.61801268,78.72339405,110.60945722,78.72770204,110.60945722,78.73086889
Honolulu,2026-09-04T20:00:00,planet_saturn,281.43173285,-19.92133670,281.42961058,-19.91131635,281.42961058,-19.75308360
Honolulu,2026-09-04T20:00:00,planet_uranus,282.13681777,32.36785328,282.14286312,32.34434829,282.14286312,32.36935116
Honolulu,2026-09-04T20:00:00,planet_neptune,283.04392486,-29.77159852,283.04449752,-29.76328521,283.04449752,-29.63082813
Honolulu,2026-09-04T20:00:00,moon_geocentric,288.68718772,45.69885405,288.69424405,44.98213806,288.69424405,44.99801478
Quito,2026-09-04T20:00:00,sun,280.36047613,47.77663408,280.36148916,47.76008130,280.36148916,47.77095029
Quito,2026-09-04T20:00:00,moon,303.89754686,-33.66814235,303.90116951,-33.66853859,303.90116951,-33.57672935
Quito,2026-09-04T20:00:00,planet_mercury,279.24610446,55.32892233,279.24628410,55.31157768,279.24628410,55.31986630
Quito,2026-09-04T20:00:00,planet_venus,190.78910066,76.05493633,190.81059867,76.04311595,190.81059867,76.04609381
Quito,2026-09-04T20:00:00,planet_mars,293.29842772,-7.56496103,293.30412678,-7.56122255,293.30412678,-7.42580818
Quito,2026-09-04T20:00:00,planet_jupiter,288.20160872,20.72899548,288.20582506,20.67828441,288.20582506,20.70974355
Quito,2026-09-04T20:00:00,planet_saturn,76.56627808,-77.62867934,76.54486043,-77.63810257,76.54486043,-77.63824283
Quito,2026-09-04T20:00:00,planet_uranus,301.86978824,-47.02782344,301.87632816,-47.02422432,301.87632816,-46.97020798
Quito,2026-09-04T20:00:00,planet_neptune,89.67923520,-68.37773832,89.66834877,-68.38511275,89.66834877,-68.37817713
Quito,2026-09-04T20:00:00,moon_geocentric,303.89754686,-32.84518427,303.90116951,-33.66853859,303.90116951,-33.57672935
Sydney,2026-09-04T20:00:00,sun,83.40854400,-2.64140095,83.40814393,-2.64434883,83.40814393,-2.46573096
Sydney,2026-09-04T20:00:00,moon,2.42028404,27.30292538,2.41881687,27.26816739,2.41881687,27.29872765
Sydney,2026-09-04T20:00:00,planet_mercury,88.94058504,-7.86081223,88.93728092,-7.85893827,88.93728092,-7.68355671
Sydney,2026-09-04T20:00:00,planet_venus,124.41664249,-21.13318128,124.41583119,-21.12908337,124.41583119,-20.97398291
Sydney,2026-09-04T20:00:00,planet_mars,32.72159924,25.42683777,32.72307581,25.38338064,32.72307581,25.41654692
Sydney,2026-09-04T20:00:00,planet_jupiter,59.70725467,12.21654603,59.69936240,12.14371987,59.69936240,12.21510422
Sydney,2026-09-04T20:00:00,planet_saturn,289.10559759,21.43330543,289.11440628,21.39772525,289.11440628,21.43776778
Sydney,2026-09-04T20:00:00,planet_uranus,347.19565782,34.00523841,347.19893365,33.97538035,347.19893365,33.99880684
Sydney,2026-09-04T20:00:00,planet_neptune,280.76354074,15.40325622,280.77138187,15.34793461,280.77138187,15.40455867
Sydney,2026-09-04T20:00:00,moon_geocentric,2.42013726,28.17811064,2.41881687,27.26816739,2.41881687,27.29872765
Tehran,2026-09-04T20:00:00,sun,347.89250806,-46.65002878,347.89246944,-46.65102633,347.89246944,-46.58668475
Tehran,2026-09-04T20:00:00,moon,60.43142041,6.10739253,60.43002283,5.98691859,60.43002283,6.10616308
Tehran,2026-09-04T20:00:00,planet_mercury,336.85241911,-46.46668387,336.85950243,-46.46877304,336.85950243,-46.40381834
Tehran,2026-09-04T20:00:00,planet_venus,284.94094739,-42.20433452,284.94017722,-42.21623876,284.94017722,-42.13686971
Tehran,2026-09-04T20:00:00,planet_mars,45.34390200,-15.66808859,45.33627089,-15.66775478,45.33627089,-15.51882270
Tehran,2026-09-04T20:00:00,planet_jupiter,21.28405275,-34.56444475,21.28977980,-34.55832074,21.28977980,-34.45380005
Tehran,2026-09-04T20:00:00,planet_saturn,124.18712892,41.90601262,124.17477638,41.88205505,124.17477638,41.89780369
Tehran,2026-09-04T20:00:00,planet_uranus,73.42023023,13.38445969,73.41458638,13.31822827,73.41458638,13.37654384
Tehran,2026-09-04T20:00:00,planet_neptune,136.97711275,45.66317432,136.96502099,45.64599030,136.96502099,45.65980240
Tehran,2026-09-04T20:00:00,moon_geocentric,60.43417056,7.08866655,60.43002283,5.98691859,60.43002283,6.10616308
Tromso,2026-09-04T20:00:00,sun,319.04545344,-8.51620595,319.04542082,-8.51792310,319.04542082,-8.34265324
Tromso,2026-09-04T20:00:00,moon,40.13444129,12.01633633,40.13500661,11.94393476,40.13500661,12.01668005
Tromso,2026-09-04T20:00:00,planet_mercury,311.37719422,-8.34094987,311.38212268,-8.34325890,311.38212268,-8.16782847
Tromso,2026-09-04T20:00:00,planet_venus,274.64703183,-16.34370921,274.65129151,-16.35555876,274.65129151,-16.19061062
Tromso,2026-09-04T20:00:00,planet_mars,14.42947464,3.62475954,14.42421268,3.42170816,14.42421268,3.60182688
Tromso,2026-09-04T20:00:00,planet_jupiter,346.40024634,-2.77442300,346.40706859,-2.77069517,346.40706859,-2.59163918
Tromso,2026-09-04T20:00:00,planet_saturn,107.41578529,9.45349504,107.40519256,9.35765150,107.40519256,9.44915517
Tromso,2026-09-04T20:00:00,planet_uranus,54.35082600,9.92848307,54.34760712,9.84299716,54.34760712,9.93034519
Tromso,2026-09-04T20:00:00,planet_neptune,117.50355762,9.93395975,117.49510956,9.84521739,117.49510956,9.93254720
Tromso,2026-09-04T20:00:00,moon_geocentric,40.13587207,12.97552058,40.13500661,11.94393476,40.13500661,12.01668005
CapeTown,2026-03-20T12:00:00,sun,331.92443614,52.73820014,331.92398861,52.72406965,331.92398861,52.73613047
CapeTown,2026-03-20T12:00:00,moon,359.50817783,44.88366852,359.50579574,44.86613856,359.50579574,44.88204896
CapeTown,2026-03-20T12:00:00,planet_mercury,299.59606084,47.00733314,299.59064710,46.99404965,299.59064710,47.00882317
CapeTown,2026-03-20T12:00:00,planet_venus,359.94748700,50.04677205,359.93957507,50.03012864,359.93957507,50.04340841
CapeTown,2026-03-20T12:00:00,planet_mars,306.27643080,51.11746131,306.26984062,51.10194151,306.26984062,51.11472535
CapeTown,2026-03-20T12:00:00,planet_jupiter,70.71880726,-12.64533700,70.71373006,-12.64689473,70.71373006,-12.47652037
CapeTown,2026-03-20T12:00:00,planet_saturn,339.26563501,54.61027764,339.25893007,54.60133976,339.25893007,54.61260148
CapeTown,2026-03-20T12:00:00,planet_uranus,41.33170305,24.52928350,41.32580446,24.49135252,41.32580446,24.52592864
CapeTown,2026-03-20T12:00:00,planet_neptune,335.15241132,53.98663750,335.14615579,53.97427809,335.14615579,53.98580251
CapeTown,2026-03-20T12:00:00,moon_geocentric,359.50821551,45.58218166,359.50579574,44.86613856,359.50579574,44.88204896
Honolulu,2026-03-20T12:00:00,sun,45.54024194,-60.94562178,45.54099849,-60.94664445,45.54099849,-60.92200924
Honolulu,2026-03-20T12:00:00,moon,7.55371532,-58.45280683,7.55698295,-58.45201806,7.55698295,-58.42053375
Honolulu,2026-03-20T12:00:00,planet_mercury,76.50789173,-48.57147021,76.51552160,-48.57688871,76.51552160,-48.51233200
Honolulu,2026-03-20T12:00:00,planet_venus,8.08028984,-62.40593699,8.09101625,-62.40424864,8.09101625,-62.38325991
Honolulu,2026-03-20T12:00:00,planet_mars,72.20359244,-53.93834617,72.20936261,-53.93603027,72.20936261,-53.89041749
Honolulu,2026-03-20T12:00:00,planet_jupiter,292.67095603,5.18154556,292.67610371,5.02279991,292.67610371,5.17382023
Honolulu,2026-03-20T12:00:00,planet_saturn,37.85571472,-64.08878313,37.86658177,-64.09049692,37.86658177,-64.07338145
Honolulu,2026-03-20T12:00:00,planet_uranus,316.86472499,-36.06946134,316.87170026,-36.06866537,316.87170026,-35.95737216
Honolulu,2026-03-20T12:00:00,planet_neptune,42.51767132,-62.74546901,42.52539679,-62.74404267,42.52539679,-62.72386464
Honolulu,2026-03-20T12:00:00,moon_geocentric,7.55427128,-57.93688611,7.55698295,-58.45201806,7.55698295,-58.42053375
Quito,2026-03-20T12:00:00,sun,90.04604068,9.73267874,90.04616637,9.63869204,90.04616637,9.70613748
Quito,2026-03-20T12:00:00,moon,79.42924649,-7.44157888,79.42860981,-7.44001157,79.42860981,-7.30451837
Quito,2026-03-20T12:00:00,planet_mercury,98.50409646,29.56916351,98.51074523,29.53556624,98.51074523,29.55662964
Quito,2026-03-20T12:00:00,planet_venus,83.91929371,-6.84770578,83.91764283,-6.84402592,83.91764283,-6.70816087
Quito,2026-03-20T12:00:00,planet_mars,97.91126671,23.59881294,97.91338534,23.56400380,97.91338534,23.59129105
Quito,2026-03-20T12:00:00,planet_jupiter,343.85673895,-66.07656227,343.86451636,-66.07271812,343.86451636,-66.06265563
Quito,2026-03-20T12:00:00,planet_saturn,90.31345863,5.07611738,90.31751274,4.91776756,90.31751274,5.03459873
Quito,2026-03-20T12:00:00,planet_uranus,62.61291540,-43.15769630,62.60880970,-43.15296161,62.60880970,-43.08774249
Quito,2026-03-20T12:00:00,planet_neptune,90.49743141,7.50483206,90.49853581,7.39221749,90.49853581,7.47771543
Quito,2026-03-20T12:00:00,moon_geocentric,79.42924649,-6.45929692,79.42860981,-7.44001157,79.42860981,-7.30451837
Sydney,2026-03-20T12:00:00,sun,226.71654165,-45.55090868,226.71600274,-45.55274725,226.71600274,-45.47711837
Sydney,2026-03-20T12:00:00,moon,252.70478445,-42.02089968,252.70411145,-42.02289191,252.70411145,-41.93392409
Sydney,2026-03-20T12:00:00,planet_mercury,195.49987458,-47.55895836,195.49898247,-47.55546104,195.49898247,-47.48733023
Sydney,2026-03-20T12:00:00,planet_venus,248.35777504,-38.30747316,248.35528457,-38.31378996,248.35528457,-38.21097851
Sydney,2026-03-20T12:00:00,planet_mars,203.96876032,-45.99876984,203.96229169,-45.99928153,203.96229169,-45.92533274
Sydney,2026-03-20T12:00:00,planet_jupiter,318.30160708,20.23346154,318.30328836,20.18355112,318.30328836,20.22618136
Sydney,2026-03-20T12:00:00,planet_saturn,231.59401812,-42.37403029,231.58742373,-42.37305727,231.58742373,-42.28541164
Sydney,2026-03-20T12:00:00,planet_uranus,284.87173920,-13.29554114,284.87378423,-13.30097577,284.87378423,-13.13172625
Sydney,2026-03-20T12:00:00,planet_neptune,228.82710609,-43.81307903,228.82220817,-43.81456615,228.82220817,-43.73237216
Sydney,2026-03-20T12:00:00,moon_geocentric,252.70868580,-41.28667935,252.70411145,-42.02289191,252.70411145,-41.93392409
Tehran,2026-03-20T12:00:00,sun,243.50037226,31.80800177,243.50048606,31.77888813,243.50048606,31.80164013
Tehran,2026-03-20T12:00:00,moon,238.48125335,50.06106615,238.48391503,50.04782164,238.48391503,50.05965975
Tehran,2026-03-20T12:00:00,planet_mercury,251.83411101,11.86729529,251.82891289,11.78454699,251.82891289,11.85025529
Tehran,2026-03-20T12:00:00,planet_venus,233.47912256,47.63651617,233.48650654,47.61825857,233.48650654,47.63115233
Tehran,2026-03-20T12:00:00,planet_mars,247.99115556,16.55250445,247.99253008,16.49238542,247.99253008,16.53942370
Tehran,2026-03-20T12:00:00,planet_jupiter,88.16124815,39.29993450,88.15681243,39.28294684,88.15681243,39.30020455
Tehran,2026-03-20T12:00:00,planet_saturn,239.30398489,34.98780739,239.30302673,34.95900248,239.30302673,34.97917871
Tehran,2026-03-20T12:00:00,planet_uranus,158.17905634,72.88282038,158.18518290,72.88297428,158.18518290,72.88733008
Tehran,2026-03-20T12:00:00,planet_neptune,241.26579806,33.11621654,241.26783707,33.08740693,241.26783707,33.10904678
Tehran,2026-03-20T12:00:00,moon_geocentric,238.47702303,50.69624294,238.48391503,50.04782164,238.48391503,50.05965975
Tromso,2026-03-20T12:00:00,sun,198.16131914,19.41471148,198.16160089,19.36567486,198.16160089,19.41034453
Tromso,2026-03-20T12:00:00,moon,181.01954714,30.02485866,181.02155039,29.99669928,181.02155039,30.02409409
Tromso,2026-03-20T12:00:00,planet_mercury,217.43090679,8.94662642,217.42882238,8.83831828,217.42882238,8.93468014
Tromso,2026-03-20T12:00:00,planet_venus,180.63711350,26.41936073,180.64284386,26.38639666,180.64284386,26.41822538
Tromso,2026-03-20T12:00:00,planet_mars,211.49623330,10.26612085,211.49995993,10.17522095,211.49995993,10.25991702
Tromso,2026-03-20T12:00:00,planet_jupiter,82.02637665,21.60974934,82.02614039,21.57279162,82.02614039,21.61259743
Tromso,2026-03-20T12:00:00,planet_saturn,193.14486502,19.59182245,193.14755560,19.54121562,193.14755560,19.58546138
Tromso,2026-03-20T12:00:00,planet_uranus,133.74851071,34.69308450,133.75112023,34.67419559,133.75112023,34.69708589
Tromso,2026-03-20T12:00:00,planet_neptune,195.74019554,19.19794625,195.74383894,19.14932054,195.74383894,19.19452254
Tromso,2026-03-20T12:00:00,moon_geocentric,181.01950221,30.87787352,181.02155039,29.99669928,181.02155039,30.02409409
CapeTown,2000-01-01T12:00:00,sun,300.66608897,71.13228154,300.66731556,71.12374883,300.66731556,71.12917032
CapeTown,2000-01-01T12:00:00,moon,268.30156775,16.44996329,268.30113293,16.39357971,268.30113293,16.44661145
CapeTown,2000-01-01T12:00:00,planet_mercury,285.08892909,64.85261214,285.07949312,64.83337313,285.07949312,64.84082217
CapeTown,2000-01-01T12:00:00,planet_venus,270.72472346,35.63725449,270.72227538,35.60265945,270.72227538,35.62474758
CapeTown,2000-01-01T12:00:00,planet_mars,61.84055397,54.59901308,61.83288809,54.59390126,61.83288809,54.60516608
CapeTown,2000-01-01T12:00:00,planet_jupiter,80.08444654,-0.09447195,80.08061165,-0.66751441,80.08061165,-0.48807013
CapeTown,2000-01-01T12:00:00,planet_saturn,84.78876854,-15.12796720,84.79520222,-15.13426003,84.79520222,-14.96751819
CapeTown,2000-01-01T12:00:00,planet_uranus,49.23891670,66.25391578,49.22228513,66.25531415,49.22228513,66.26228857
CapeTown,2000-01-01T12:00:00,planet_neptune,23.31032516,74.16954205,23.27414345,74.16934164,23.27414345,74.17383792
CapeTown,2000-01-01T12:00:00,moon_geocentric,268.30451786,17.31761102,268.30113293,16.39357971,268.30113293,16.44661145
Honolulu,2000-01-01T12:00:00,sun,98.99667341,-70.20013672,98.99178934,-70.19952151,98.99178934,-70.19320097
Honolulu,2000-01-01T12:00:00,moon,96.78247711,-13.90190021,96.78257693,-13.90042854,96.78257693,-13.73149815
Honolulu,2000-01-01T12:00:00,planet_mercury,102.21561003,-61.77106136,102.21220282,-61.76043404,102.21220282,-61.73786816
Honolulu,2000-01-01T12:00:00,planet_venus,99.21423809,-31.35949200,99.21355797,-31.35138320,99.21355797,-31.22396561
Honolulu,2000-01-01T12:00:00,planet_mars,282.39299580,-62.16655075,282.39638571,-62.17587198,282.39638571,-62.15432992
Honolulu,2000-01-01T12:00:00,planet_jupiter,281.21424768,-4.90175003,281.21586867,-4.91345801,281.21586867,-4.73537637
Honolulu,2000-01-01T12:00:00,planet_saturn,279.67341124,10.28676224,279.66858553,10.20647380,279.66858553,10.29096796
Honolulu,2000-01-01T12:00:00,planet_uranus,284.41920585,-75.30653620,284.42525339,-75.31764587,284.42525339,-75.31651816
Honolulu,2000-01-01T12:00:00,planet_neptune,307.65524904,-86.60490752,307.76050399,-86.61400403,307.76050399,-86.61478771
Honolulu,2000-01-01T12:00:00,moon_geocentric,96.78457579,-13.02068907,96.78257693,-13.90042854,96.78257693,-13.73149815
Quito,2000-01-01T12:00:00,sun,113.39665786,9.90875401,113.39509245,9.81746209,113.39509245,9.88376540
Quito,2000-01-01T12:00:00,moon,118.81232273,66.54057959,118.81293356,66.53647835,118.81293356,66.54167833
Quito,2000-01-01T12:00:00,planet_mercury,115.77114410,18.07918105,115.77123999,18.03883511,115.77123999,18.07518058
Quito,2000-01-01T12:00:00,planet_venus,118.48574267,48.43790985,118.48688762,48.43154193,118.48688762,48.44215819
Quito,2000-01-01T12:00:00,planet_mars,106.67401248,-37.37431041,106.67403619,-37.36653491,106.67403619,-37.28474902
Quito,2000-01-01T12:00:00,planet_jupiter,347.54726856,-81.19529404,347.61363678,-81.20049671,347.61363678,-81.20136996
Quito,2000-01-01T12:00:00,planet_saturn,307.73949505,-69.09279358,307.72120666,-69.08733525,307.72120666,-69.08123740
Quito,2000-01-01T12:00:00,planet_uranus,108.73697667,-24.33431708,108.73770061,-24.32330546,108.73770061,-24.20981285
Quito,2000-01-01T12:00:00,planet_neptune,109.71567791,-12.72185128,109.71560984,-12.71097367,109.71560984,-12.57992695
Quito,2000-01-01T12:00:00,moon_geocentric,118.81232273,66.90399436,118.81293356,66.53647835,118.81293356,66.54167833
Sydney,2000-01-01T12:00:00,sun,210.53860887,-26.50320111,210.53796567,-26.50751483,210.53796567,-26.36590044
Sydney,2000-01-01T12:00:00,moon,142.94290190,-38.02975422,142.94112533,-38.02931019,142.94112533,-37.92545551
Sydney,2000-01-01T12:00:00,planet_mercury,201.20359829,-28.56207761,201.19187871,-28.56883424,201.19187871,-28.43316753
Sydney,2000-01-01T12:00:00,planet_venus,166.07856456,-36.48953803,166.06619653,-36.49216272,166.06619653,-36.38273574
Sydney,2000-01-01T12:00:00,planet_mars,252.88404100,-1.67022047,252.87770042,-1.67763551,252.87770042,-1.49868931
Sydney,2000-01-01T12:00:00,planet_jupiter,304.01248680,27.94873015,304.00144707,27.91146549,304.00144707,27.94120958
Sydney,2000-01-01T12:00:00,planet_saturn,320.27828956,33.98174108,320.28553484,33.96317949,320.28553484,33.98661668
Sydney,2000-01-01T12:00:00,planet_uranus,242.12707974,-9.33046651,242.11825197,-9.33752606,242.11825197,-9.16352406
Sydney,2000-01-01T12:00:00,planet_neptune,232.51468277,-16.25671812,232.50589903,-16.26382803,232.50589903,-16.09917284
Sydney,2000-01-01T12:00:00,moon_geocentric,142.94076817,-37.31655229,142.94112533,-38.02931019,142.94112533,-37.92545551
Tehran,2000-01-01T12:00:00,sun,227.17470233,14.33172720,227.17684083,14.26622786,227.17684083,14.32069625
Tehran,2000-01-01T12:00:00,moon,272.26885976,-22.87049713,272.27001344,-22.87137571,272.27001344,-22.73558123
Tehran,2000-01-01T12:00:00,planet_mercury,232.51437833,7.65491717,232.52356408,7.53216175,232.52356408,7.63113952
Tehran,2000-01-01T12:00:00,planet_venus,255.89189610,-12.16977413,255.89980301,-12.17808352,255.89980301,-12.02454818
Tehran,2000-01-01T12:00:00,planet_mars,181.70859985,41.13272669,181.71989407,41.11085745,181.71989407,41.12703755
Tehran,2000-01-01T12:00:00,planet_jupiter,106.68202215,35.56941741,106.69299049,35.55259449,106.69299049,35.57233446
Tehran,2000-01-01T12:00:00,planet_saturn,92.91983181,26.01914348,92.91650824,25.97684650,92.91650824,26.00571210
Tehran,2000-01-01T12:00:00,planet_uranus,196.95343167,35.58572363,196.96563213,35.55757430,196.96563213,35.57731066
Tehran,2000-01-01T12:00:00,planet_neptune,208.90003071,29.69636673,208.91097780,29.66196314,208.91097780,29.68669669
Tehran,2000-01-01T12:00:00,moon_geocentric,272.26575117,-22.03459154,272.27001344,-22.87137571,272.27001344,-22.73558123
Tromso,2000-01-01T12:00:00,sun,196.68211494,-3.59663363,196.68366132,-3.59765356,196.68366132,-3.41895541
Tromso,2000-01-01T12:00:00,moon,254.05158047,-6.65498671,254.05297650,-6.65504465,254.05297650,-6.47821155
Tromso,2000-01-01T12:00:00,planet_mercury,204.86250807,-6.10388267,204.87402676,-6.10587372,204.87402676,-5.92864207
Tromso,2000-01-01T12:00:00,planet_venus,235.52733235,-7.43536000,235.53731805,-7.43751031,235.53731805,-7.26129384
Tromso,2000-01-01T12:00:00,planet_mars,149.70142207,4.54097603,149.71019319,4.36405485,149.71019319,4.52810867
Tromso,2000-01-01T12:00:00,planet_jupiter,92.18996948,10.07305336,92.20136049,9.98478166,92.20136049,10.07097969
Tromso,2000-01-01T12:00:00,planet_saturn,76.87075309,8.70892499,76.86349427,8.60211679,76.86349427,8.70084357
Tromso,2000-01-01T12:00:00,planet_uranus,162.73443095,2.64540597,162.74546887,2.38951555,162.74546887,2.56941864
Tromso,2000-01-01T12:00:00,planet_neptune,174.30989096,1.38765118,174.32078968,1.03311168,174.32078968,1.21302285
Tromso,2000-01-01T12:00:00,moon_geocentric,254.04965932,-5.75555496,254.05297650,-6.65504465,254.05297650,-6.47821155
CapeTown,2030-06-21T00:00:00,sun,119.00937453,-71.09605251,119.01154784,-71.09648438,119.01154784,-71.09132849
CapeTown,2030-06-21T00:00:00,moon,68.76272393,32.65039048,68.76255195,32.62554556,68.76255195,32.65023353
CapeTown,2030-06-21T00:00:00,planet_mercury,110.95444608,-68.07254588,110.95117565,-68.07137380,110.95117565,-68.06189105
CapeTown,2030-06-21T00:00:00,planet_venus,95.62730662,-41.79574711,95.62550800,-41.79674032,95.62550800,-41.70679778
CapeTown,2030-06-21T00:00:00,planet_mars,107.73750014,-65.48723797,107.73060052,-65.48761858,107.73060052,-65.47344815
CapeTown,2030-06-21T00:00:00,planet_jupiter,271.70735061,32.74741313,271.70545519,32.73065277,271.70545519,32.75524196
CapeTown,2030-06-21T00:00:00,planet_saturn,97.68290922,-45.81894398,97.68563640,-45.83406098,97.68563640,-45.75939045
CapeTown,2030-06-21T00:00:00,planet_uranus,105.29615373,-62.20953665,105.28996477,-62.20960227,105.28996477,-62.18818013
CapeTown,2030-06-21T00:00:00,planet_neptune,84.07615483,2.22535117,84.07571492,1.93983918,84.07571492,2.11951835
CapeTown,2030-06-21T00:00:00,moon_geocentric,68.75942439,33.45004229,68.76255195,32.62554556,68.76255195,32.65023353
Honolulu,2030-06-21T00:00:00,sun,280.14566588,69.83964327,280.14356307,69.83303125,280.14356307,69.83886590
Honolulu,2030-06-21T00:00:00,moon,284.67171431,-41.21108125,284.67168233,-41.21189953,284.67168233,-41.11958496
Honolulu,2030-06-21T00:00:00,planet_mercury,281.40150851,65.74713113,281.40160934,65.73677525,281.40160934,65.74393525
Honolulu,2030-06-21T00:00:00,planet_venus,276.75265166,38.36169251,276.75420013,38.33866306,276.75420013,38.35870908
Honolulu,2030-06-21T00:00:00,planet_mars,280.79422129,62.88140669,280.79973065,62.87114646,280.79973065,62.87928454
Honolulu,2030-06-21T00:00:00,planet_jupiter,97.46087242,-28.76621041,97.46531832,-28.77539972,97.46531832,-28.63992094
Honolulu,2030-06-21T00:00:00,planet_saturn,276.44067698,42.63976766,276.44441097,42.63643989,276.44441097,42.65366857
Honolulu,2030-06-21T00:00:00,planet_uranus,279.57361645,59.48394444,279.57876332,59.47292576,279.57876332,59.48229083
Honolulu,2030-06-21T00:00:00,planet_neptune,276.74236592,-6.63541275,276.74359628,-6.63201530,276.74359628,-6.45508456
Honolulu,2030-06-21T00:00:00,moon_geocentric,284.66896840,-40.49560527,284.67168233,-41.21189953,284.67168233,-41.11958496
Quito,2030-06-21T00:00:00,sun,293.83015532,-10.14442631,293.82941198,-10.14664071,293.82941198,-10.01316759
Quito,2030-06-21T00:00:00,moon,96.12289572,-58.45476293,96.12354785,-58.45377881,96.12354785,-58.42954741
Quito,2030-06-21T00:00:00,planet_mercury,294.81741229,-14.15099094,294.81776779,-14.15495778,294.81776779,-14.02550258
Quito,2030-06-21T00:00:00,planet_venus,294.63848564,-41.68121355,294.64019767,-41.68319150,294.64019767,-41.61370945
Quito,2030-06-21T00:00:00,planet_mars,294.92737376,-17.02782561,294.93017821,-17.02981395,294.93017821,-16.90402168
Quito,2030-06-21T00:00:00,planet_jupiter,116.62260148,51.19015570,116.62738062,51.16726077,116.62738062,51.17689843
Quito,2030-06-21T00:00:00,planet_saturn,293.99719687,-37.42220792,293.99965596,-37.40745338,293.99965596,-37.32578164
Quito,2030-06-21T00:00:00,planet_uranus,294.71796728,-20.47129050,294.72090149,-20.47236396,294.72090149,-20.35183888
Quito,2030-06-21T00:00:00,planet_neptune,332.51119418,-85.69102284,332.49441631,-85.68762937,332.49441631,-85.68836323
Quito,2030-06-21T00:00:00,moon_geocentric,96.12289572,-57.95650540,96.12354785,-58.45377881,96.12354785,-58.42954741
Sydney,2030-06-21T00:00:00,sun,29.97949462,26.34223175,29.98017502,26.30722110,29.98017502,26.33906763
Sydney,2030-06-21T00:00:00,moon,271.98219390,7.94251154,271.98139057,7.83225033,271.98139057,7.93914502
Sydney,2030-06-21T00:00:00,planet_mercury,25.55721168,27.53847234,25.55501838,27.50584357,25.55501838,27.53609827
Sydney,2030-06-21T00:00:00,planet_venus,355.04217132,37.86232323,355.04120108,37.83844135,355.04120108,37.85878101
Sydney,2030-06-21T00:00:00,planet_mars,22.64168254,28.83316210,22.63928452,28.80037121,22.63928452,28.82904173
Sydney,2030-06-21T00:00:00,planet_jupiter,162.87091683,-38.07546039,162.88187067,-38.07180720,162.88187067,-37.96810815
Sydney,2030-06-21T00:00:00,planet_saturn,0.40630481,37.30719466,0.42391847,37.27932681,0.42391847,37.30007939
Sydney,2030-06-21T00:00:00,planet_uranus,19.22478092,30.58791078,19.22249135,30.55772209,19.22249135,30.58443575
Sydney,2030-06-21T00:00:00,planet_neptune,300.18912434,31.37439154,300.19347552,31.34745755,300.19347552,31.37335568
Sydney,2030-06-21T00:00:00,moon_geocentric,271.98517901,8.87457636,271.98139057,7.83225033,271.98139057,7.93914502
Tehran,2030-06-21T00:00:00,sun,47.18711401,-13.73125098,47.18748459,-13.73428920,47.18748459,-13.58266797
Tehran,2030-06-21T00:00:00,moon,152.48925641,46.86232665,152.49048646,46.84843818,152.49048646,46.86168336
Tehran,2030-06-21T00:00:00,planet_mercury,49.90919966,-10.58408909,49.91081015,-10.58438740,49.91081015,-10.42911859
Tehran,2030-06-21T00:00:00,planet_venus,71.96073710,6.16287804,71.96046099,6.02495283,71.96046099,6.14362300
Tehran,2030-06-21T00:00:00,planet_mars,52.18837449,-8.78402946,52.18766328,-8.78222492,52.18766328,-8.62526646
Tehran,2030-06-21T00:00:00,planet_jupiter,258.91394755,-12.73464035,258.90449771,-12.73247287,258.90449771,-12.57959410
Tehran,2030-06-21T00:00:00,planet_saturn,68.88523767,3.25101302,68.87225206,3.01980789,68.87225206,3.18271188
Tehran,2030-06-21T00:00:00,planet_uranus,55.08478261,-6.86987231,55.08391891,-6.86726233,55.08391891,-6.70881596
Tehran,2030-06-21T00:00:00,planet_neptune,111.07560004,32.48317591,111.07123866,32.45646717,111.07123866,32.47863343
Tehran,2030-06-21T00:00:00,moon_geocentric,152.49132317,47.51219731,152.49048646,46.84843818,152.49048646,46.86168336
Tromso,2030-06-21T00:00:00,sun,16.99403396,4.22002373,16.99392016,4.03130601,16.99392016,4.20184862
Tromso,2030-06-21T00:00:00,moon,128.46324822,8.78271452,128.46412146,8.68186345,128.46412146,8.77978032
Tromso,2030-06-21T00:00:00,planet_mercury,20.98372162,5.27136295,20.98589115,5.11363602,20.98589115,5.26282668
Tromso,2030-06-21T00:00:00,planet_venus,48.62491991,5.19911694,48.62554404,5.04059319,48.62554404,5.19119789
Tromso,2030-06-21T00:00:00,planet_mars,23.86946382,5.43574606,23.87049072,5.28502966,23.87049072,5.43095176
Tromso,2030-06-21T00:00:00,planet_jupiter,238.20977637,-6.04572858,238.20080617,-6.04983028,238.20080617,-5.87255953
Tromso,2030-06-21T00:00:00,planet_saturn,44.34560357,4.76311947,44.33058745,4.59562158,44.33058745,4.75503950
Tromso,2030-06-21T00:00:00,planet_uranus,27.33010983,5.29891356,27.33103258,5.14593214,27.33103258,5.29450143
Tromso,2030-06-21T00:00:00,planet_neptune,93.79979964,5.63147314,93.79633006,5.48459257,93.79633006,5.62680558
Tromso,2030-06-21T00:00:00,moon_geocentric,128.46490323,9.71204387,128.46412146,8.68186345,128.46412146,8.77978032
CapeTown,2015-12-31T23:59:59,sun,161.09447834,-30.58621296,161.09287107,-30.59075850,161.09287107,-30.46113578
CapeTown,2015-12-31T23:59:59,moon,69.87769171,23.96790449,69.87748067,23.93121385,69.87748067,23.96669267
CapeTown,2015-12-31T23:59:59,planet_mercury,183.53203925,-34.94304160,183.52584775,-34.94759949,183.52584775,-34.83254495
CapeTown,2015-12-31T23:59:59,planet_venus,124.07535470,-13.71716568,124.06950206,-13.71718434,124.06950206,-13.54829506
CapeTown,2015-12-31T23:59:59,planet_mars,97.17352948,6.62246112,97.16995604,6.49521805,97.16995604,6.62026911
CapeTown,2015-12-31T23:59:59,planet_jupiter,65.84398701,25.43799301,65.85222853,25.40031473,65.85222853,25.43350370
CapeTown,2015-12-31T23:59:59,planet_saturn,132.10409036,-18.52805736,132.10266537,-18.52967415,132.10266537,-18.36893509
CapeTown,2015-12-31T23:59:59,planet_uranus,267.68874593,-14.07236772,267.68817144,-14.07181464,267.68817144,-13.90344329
CapeTown,2015-12-31T23:59:59,planet_neptune,229.55807064,-31.70223247,229.55490273,-31.70363940,229.55490273,-31.57759776
CapeTown,2015-12-31T23:59:59,moon_geocentric,69.87478123,24.79436263,69.87748067,23.93121385,69.87748067,23.96669267
Honolulu,2015-12-31T23:59:59,sun,206.36559390,41.00698982,206.36776042,40.98817489,206.36776042,41.00642683
Honolulu,2015-12-31T23:59:59,moon,285.92690740,-32.59712859,285.92702143,-32.59809826,285.92702143,-32.47478441
Honolulu,2015-12-31T23:59:59,planet_mercury,180.85624841,47.65325081,180.86377630,47.63832464,180.86377630,47.65279708
Honolulu,2015-12-31T23:59:59,planet_venus,241.16368038,17.55140741,241.16894558,17.49450265,241.16894558,17.54420033
Honolulu,2015-12-31T23:59:59,planet_mars,262.88698992,-8.20884392,262.88965719,-8.21457848,262.88965719,-8.03895183
Honolulu,2015-12-31T23:59:59,planet_jupiter,289.99501209,-33.23685124,289.98698649,-33.23335855,289.98698649,-33.11218238
Honolulu,2015-12-31T23:59:59,planet_saturn,234.26876451,23.94415707,234.27044444,23.90789534,234.27044444,23.94348067
Honolulu,2015-12-31T23:59:59,planet_uranus,90.46490358,17.74695328,90.46563237,17.69513305,90.46563237,17.74424721
Honolulu,2015-12-31T23:59:59,planet_neptune,126.25404874,42.16771284,126.25720010,42.15097536,126.25720010,42.16849870
Honolulu,2015-12-31T23:59:59,moon_geocentric,285.92457977,-31.83367788,285.92702143,-32.59809826,285.92702143,-32.47478441
Quito,2015-12-31T23:59:59,sun,246.57193419,-9.86094494,246.57459391,-9.86415628,246.57459391,-9.73044665
Quito,2015-12-31T23:59:59,moon,86.48966650,-65.78139731,86.49034106,-65.78080786,86.49034106,-65.77031052
Quito,2015-12-31T23:59:59,planet_mercury,248.65540042,9.44143712,248.65783097,9.33938073,248.65783097,9.40882054
Quito,2015-12-31T23:59:59,planet_venus,241.73813709,-47.60418729,241.73890371,-47.61162468,241.73890371,-47.55928841
Quito,2015-12-31T23:59:59,planet_mars,209.61071569,-78.98807935,209.59051363,-78.99173065,209.59051363,-78.99225711
Quito,2015-12-31T23:59:59,planet_jupiter,81.66125969,-62.36898077,81.66804123,-62.37628053,81.66804123,-62.36005890
Quito,2015-12-31T23:59:59,planet_saturn,243.38751745,-38.59620503,243.38980176,-38.59705060,243.38980176,-38.51872238
Quito,2015-12-31T23:59:59,planet_uranus,314.47371209,81.52640722,314.47130420,81.52477050,314.47130420,81.52655601
Quito,2015-12-31T23:59:59,planet_neptune,256.01056922,47.10661981,256.01029958,47.08820882,256.01029958,47.09933610
Quito,2015-12-31T23:59:59,moon_geocentric,86.48966650,-65.40918863,86.49034106,-65.78080786,86.49034106,-65.77031052
Sydney,2015-12-31T23:59:59,sun,75.10224947,61.99157028,75.09671313,61.98063970,75.09671313,61.98906338
Sydney,2015-12-31T23:59:59,moon,280.14887896,11.36954615,280.14830901,11.28978608,280.14830901,11.36635233
Sydney,2015-12-31T23:59:59,planet_mercury,87.29276824,44.04586362,87.28690779,44.03028237,87.28690779,44.04663895
Sydney,2015-12-31T23:59:59,planet_venus,324.73330659,71.91523102,324.72309274,71.90414708,324.72309274,71.90932106
Sydney,2015-12-31T23:59:59,planet_mars,290.41705296,42.81175156,290.41401021,42.78826385,290.41401021,42.80534402
Sydney,2015-12-31T23:59:59,planet_jupiter,280.48958186,8.58969794,280.49015109,8.49405245,280.49015109,8.59361385
Sydney,2015-12-31T23:59:59,planet_saturn,354.07636818,76.56460464,354.07723952,76.55867153,354.07723952,76.56245598
Sydney,2015-12-31T23:59:59,planet_uranus,105.36480656,-31.46606763,105.36576706,-31.46585188,105.36576706,-31.33920911
Sydney,2015-12-31T23:59:59,planet_neptune,96.92693348,6.83765070,96.92591601,6.71445534,96.92591601,6.83605549
Sydney,2015-12-31T23:59:59,moon_geocentric,280.15171105,12.25276402,280.14830901,11.28978608,280.14830901,11.36635233
Tehran,2015-12-31T23:59:59,sun,88.19334021,-44.64227166,88.19034355,-44.64222833,88.19034355,-44.57109670
Tehran,2015-12-31T23:59:59,moon,139.52161959,47.76527921,139.52255381,47.75173205,139.52255381,47.76456574
Tehran,2015-12-31T23:59:59,planet_mercury,68.77989629,-60.09349812,68.78250846,-60.08936779,68.78250846,-60.06519924
Tehran,2015-12-31T23:59:59,planet_venus,105.89253219,-9.88532077,105.89329742,-9.88142879,105.89329742,-9.72546709
Tehran,2015-12-31T23:59:59,planet_mars,119.47481265,20.87201735,119.47769644,20.83172468,119.47769644,20.86855140
Tehran,2015-12-31T23:59:59,planet_jupiter,141.36279645,51.88743806,141.35668647,51.86716909,141.35668647,51.87826440
Tehran,2015-12-31T23:59:59,planet_saturn,102.47073716,-18.34670291,102.46902776,-18.34582829,102.46902776,-18.20120178
Tehran,2015-12-31T23:59:59,planet_uranus,305.92629133,-31.36433516,305.92545183,-31.36492494,305.92545183,-31.25078302
Tehran,2015-12-31T23:59:59,planet_neptune,342.40363613,-62.77476368,342.40949214,-62.77620139,342.40949214,-62.75813826
Tehran,2015-12-31T23:59:59,moon_geocentric,139.52443335,48.37420469,139.52255381,47.75173205,139.52255381,47.76456574
Tromso,2015-12-31T23:59:59,sun,22.79502429,-42.16377857,22.79526019,-42.16284783,22.79526019,-42.07416881
Tromso,2015-12-31T23:59:59,moon,119.92496178,11.20801955,119.92565049,11.12728344,119.92565049,11.20513604
Tromso,2015-12-31T23:59:59,planet_mercury,356.81335775,-41.37285360,356.82028446,-41.37283206,356.82028446,-41.28116629
Tromso,2015-12-31T23:59:59,planet_venus,66.54448272,-28.08375538,66.54915227,-28.08122372,66.54915227,-27.94373844
Tromso,2015-12-31T23:59:59,planet_mars,95.18895349,-8.27514011,95.19327122,-8.27390562,95.19327122,-8.09841224
Tromso,2015-12-31T23:59:59,planet_jupiter,121.96768154,15.20620820,121.96227571,15.14010897,121.96227571,15.19768192
Tromso,2015-12-31T23:59:59,planet_saturn,57.49662817,-32.75352187,57.49598361,-32.75185120,57.49598361,-32.62910765
Tromso,2015-12-31T23:59:59,planet_uranus,284.72154109,1.27675064,284.72101057,0.90989746,284.72101057,1.08980121
Tromso,2015-12-31T23:59:59,planet_neptune,315.25047236,-24.53064475,315.25336675,-24.53210648,315.25336675,-24.38478713
Tromso,2015-12-31T23:59:59,moon_geocentric,119.92672102,12.08958748,119.92565049,11.12728344,119.92565049,11.20513604
CapeTown,2026-07-15T02:30:00,sun,89.81146864,-40.83360773,89.80919976,-40.83649492,89.80919976,-40.74293430
CapeTown,2026-07-15T02:30:00,moon,95.75419326,-50.64259434,95.75197013,-50.64264282,95.75197013,-50.58570396
CapeTown,2026-07-15T02:30:00,planet_mercury,92.32348055,-35.28779571,92.32382778,-35.28951578,92.32382778,-35.17566176
CapeTown,2026-07-15T02:30:00,planet_venus,154.86294794,-64.53093933,154.85895611,-64.52782564,154.85895611,-64.51168109
CapeTown,2026-07-15T02:30:00,planet_mars,66.85676557,-5.16454884,66.85194341,-5.16891852,66.85194341,-4.99131368
CapeTown,2026-07-15T02:30:00,planet_jupiter,98.84915851,-49.29898335,98.83742549,-49.29539725,98.83742549,-49.23358983
CapeTown,2026-07-15T02:30:00,planet_saturn,37.85420570,45.50735351,37.86011547,45.48830506,37.86011547,45.50387458
CapeTown,2026-07-15T02:30:00,planet_uranus,63.68308901,1.54182858,63.67780689,1.20291987,63.67780689,1.38259419
CapeTown,2026-07-15T02:30:00,planet_neptune,26.42890365,52.57850070,26.43368243,52.56183477,26.43368243,52.57396649
CapeTown,2026-07-15T02:30:00,moon_geocentric,95.74934442,-50.00344173,95.75197013,-50.64264282,95.75197013,-50.58570396
Honolulu,2026-07-15T02:30:00,sun,281.69414865,36.23140651,281.69660750,36.20744646,281.69660750,36.22909324
Honolulu,2026-07-15T02:30:00,moon,279.99751753,45.50124426,279.99940220,45.48401279,279.99940220,45.49961455
Honolulu,2026-07-15T02:30:00,planet_mercury,277.64194089,31.40520458,277.64115645,31.37296184,277.64115645,31.39892121
Honolulu,2026-07-15T02:30:00,planet_venus,234.06057915,72.39249523,234.05845963,72.38201837,234.05845963,72.38706355
Honolulu,2026-07-15T02:30:00,planet_mars,295.06958603,-3.02393670,295.07495403,-3.02282977,295.07495403,-2.84379506
Honolulu,2026-07-15T02:30:00,planet_jupiter,276.92240739,46.18884543,276.93109525,46.16660821,276.93109525,46.18184343
Honolulu,2026-07-15T02:30:00,planet_saturn,316.71826373,-57.25417207,316.71164574,-57.25127174,316.71164574,-57.21623445
Honolulu,2026-07-15T02:30:00,planet_uranus,297.10207926,-9.84495465,297.10749221,-9.84565188,297.10749221,-9.67161958
Honolulu,2026-07-15T02:30:00,planet_neptune,330.26670516,-65.26554596,330.26106464,-65.26150494,330.26106464,-65.24685502
Honolulu,2026-07-15T02:30:00,moon_geocentric,279.99426158,46.20845422,279.99940220,45.48401279,279.99940220,45.49961455
Quito,2026-07-15T02:30:00,sun,300.29051965,-43.30628451,300.29307688,-43.30712360,300.29307688,-43.24235228
Quito,2026-07-15T02:30:00,moon,296.70797703,-34.46996027,296.70965801,-34.47081383,296.70965801,-34.38112451
Quito,2026-07-15T02:30:00,planet_mercury,296.47065712,-48.56207787,296.46990313,-48.56650270,296.46990313,-48.51687788
Quito,2026-07-15T02:30:00,planet_venus,280.44597618,-3.72132291,280.44269174,-3.72702745,280.44269174,-3.58963706
Quito,2026-07-15T02:30:00,planet_mars,4.94041074,-67.88754216,4.93952188,-67.88220080,4.93952188,-67.87463322
Quito,2026-07-15T02:30:00,planet_jupiter,294.16378076,-33.85697613,294.17149847,-33.86301062,294.17149847,-33.77171216
Quito,2026-07-15T02:30:00,planet_saturn,85.84436478,-32.38230988,85.84409947,-32.38725496,85.84409947,-32.29213267
Quito,2026-07-15T02:30:00,planet_uranus,23.51617481,-67.15190658,23.51835364,-67.14665093,23.51835364,-67.13811091
Quito,2026-07-15T02:30:00,planet_neptune,89.47787052,-22.61650644,89.47512239,-22.62059725,89.47512239,-22.50384799
Quito,2026-07-15T02:30:00,moon_geocentric,296.70797691,-33.63747666,296.70965801,-34.47081383,296.70965801,-34.38112451
Sydney,2026-07-15T02:30:00,sun,351.87991271,34.19644432,351.88057380,34.16802365,351.88057380,34.19128207
Sydney,2026-07-15T02:30:00,moon,4.04260315,33.23341205,4.04164063,33.20664813,4.04164063,33.23076216
Sydney,2026-07-15T02:30:00,planet_mercury,346.17471955,37.85134455,346.17291655,37.82742557,346.17291655,37.84777327
Sydney,2026-07-15T02:30:00,planet_venus,44.72216373,33.77320620,44.72166332,33.75066609,44.72166332,33.77429075
Sydney,2026-07-15T02:30:00,planet_mars,310.95329270,15.59713445,310.95732058,15.53336324,310.95732058,15.58930377
Sydney,2026-07-15T02:30:00,planet_jupiter,4.61489719,36.14738560,4.60586967,36.12002057,4.60586967,36.14166364
Sydney,2026-07-15T02:30:00,planet_saturn,263.16614309,-16.25986113,263.16897573,-16.25621574,263.16897573,-16.09154756
Sydney,2026-07-15T02:30:00,planet_uranus,304.97712818,11.51278272,304.97841084,11.42903042,304.97841084,11.50470531
Sydney,2026-07-15T02:30:00,planet_neptune,254.50373730,-22.50851440,254.50853554,-22.50688470,254.50853554,-22.35494963
Sydney,2026-07-15T02:30:00,moon_geocentric,4.04233705,34.07462965,4.04164063,33.20664813,4.04164063,33.23076216
Tehran,2026-07-15T02:30:00,sun,70.84671127,10.44540396,70.84488847,10.35799038,70.84488847,10.43228638
Tehran,2026-07-15T02:30:00,moon,64.53086504,1.75752830,64.53044503,1.47771736,64.53044503,1.63910128
Tehran,2026-07-15T02:30:00,planet_mercury,76.78488390,11.23140678,76.78652632,11.14743556,76.78652632,11.21674183
Tehran,2026-07-15T02:30:00,planet_venus,50.39511905,-28.17670717,50.40023664,-28.17960965,50.40023664,-28.05661868
Tehran,2026-07-15T02:30:00,planet_mars,94.68438967,46.19842070,94.67714788,46.18450542,94.67714788,46.19806083
Tehran,2026-07-15T02:30:00,planet_jupiter,65.99261245,1.30009917,65.99317538,0.94477256,65.99317538,1.10613776
Tehran,2026-07-15T02:30:00,planet_saturn,193.76103786,57.10250718,193.75230169,57.09257058,193.75230169,57.10171915
Tehran,2026-07-15T02:30:00,planet_uranus,101.62001471,51.66555242,101.61638671,51.65708305,101.61638671,51.66826222
Tehran,2026-07-15T02:30:00,planet_neptune,208.35131488,51.31403927,208.34678204,51.30456910,208.34678204,51.31589008
Tehran,2026-07-15T02:30:00,moon_geocentric,64.53376133,2.73449339,64.53044503,1.47771736,64.53044503,1.63910128
Tromso,2026-07-15T02:30:00,sun,50.48136886,9.21282495,50.48057550,9.11573024,50.48057550,9.20944096
Tromso,2026-07-15T02:30:00,moon,40.57502400,5.99653055,40.57553566,5.85693175,40.57553566,5.99252980
Tromso,2026-07-15T02:30:00,planet_mercury,55.57895376,6.22997260,55.58053175,6.08895936,55.58053175,6.22064531
Tromso,2026-07-15T02:30:00,planet_venus,11.21313657,-9.54467681,11.21648326,-9.55035818,11.21648326,-9.37609737
Tromso,2026-07-15T02:30:00,planet_mars,90.78299043,23.90503502,90.78072700,23.87210757,90.78072700,23.90773505
Tromso,2026-07-15T02:30:00,planet_jupiter,40.76890194,4.90457456,40.77461740,4.74513250,40.77461740,4.90156077
Tromso,2026-07-15T02:30:00,planet_saturn,152.98161959,21.87899117,152.97650245,21.83700570,152.97650245,21.87629027
Tromso,2026-07-15T02:30:00,planet_uranus,98.42742473,25.42925836,98.42863826,25.39957387,98.42863826,25.43281167
Tromso,2026-07-15T02:30:00,planet_neptune,163.83497293,20.13698057,163.83038077,20.09419749,163.83038077,20.13715269
Tromso,2026-07-15T02:30:00,moon_geocentric,40.57647135,6.98097054,40.57553566,5.85693175,40.57553566,5.99252980
